{"Precision":{"1":0.0035893754,"2":0.0,"3":0.0091240876,"4":0.00859375,"5":0.0074836296,"6":0.0126582278,"7":0.0112561909,"8":0.0033185841,"9":0.0101123596,"10":0.0250231696,"11":0.0357941834,"12":0.0063211125,"13":0.0187891441,"14":0.0211267606,"15":0.013536379,"16":0.0136518771,"17":0.0323383085,"18":0.0134952767,"19":0.0069659443,"20":0.002039429,"21":0.0052833814,"22":0.005958292,"23":0.0019323671,"24":0.0111111111,"25":0.0372960373,"26":0.0320733104,"27":0.0302325581,"28":0.0025173065,"29":0.0100502513,"30":0.0046082949,"31":0.0018726592,"32":0.0015847861,"33":0.0009532888,"34":0.0,"35":0.0,"36":0.0111386139,"37":0.0104076323,"38":0.0202312139,"39":0.0112044818,"40":0.0084674005,"41":0.0,"42":0.0143702451,"43":0.0262645914,"44":0.0128342246,"45":0.0195758564,"46":0.0,"47":0.0,"48":0.0034749035,"49":0.0077348066,"50":0.0,"51":0.0,"52":0.0,"53":0.0,"54":0.0,"55":0.0,"56":0.0,"57":0.000999001,"58":0.0128318584,"59":0.0281588448,"60":0.0156950673,"61":0.0292887029,"62":0.0113821138,"63":0.0055752661,"64":0.0},"Recall":{"1":1.0,"2":0.0,"3":0.8333333333,"4":0.9166666667,"5":1.0,"6":1.0,"7":0.8928571429,"8":1.0,"9":1.0,"10":0.7714285714,"11":0.8421052632,"12":1.0,"13":0.8181818182,"14":0.8863636364,"15":0.8,"16":0.9411764706,"17":0.8125,"18":0.9090909091,"19":0.8181818182,"20":1.0,"21":1.0,"22":0.7058823529,"23":1.0,"24":0.3846153846,"25":0.9411764706,"26":0.9333333333,"27":0.8965517241,"28":0.8,"29":0.8421052632,"30":1.0,"31":1.0,"32":1.0,"33":1.0,"34":0.0,"35":0.0,"36":0.9,"37":1.0,"38":0.875,"39":1.0,"40":1.0,"41":0.0,"42":0.8095238095,"43":0.6585365854,"44":0.7058823529,"45":0.9230769231,"46":0.0,"47":0.0,"48":0.75,"49":0.875,"50":0.0,"51":0.0,"52":0.0,"53":0.0,"54":0.0,"55":0.0,"56":0.0,"57":1.0,"58":0.9666666667,"59":0.9069767442,"60":0.7777777778,"61":0.9032258065,"62":0.875,"63":0.9166666667,"64":0.0},"F-score":{"1":0.0071530758,"2":0.0,"3":0.0180505415,"4":0.0170278638,"5":0.0148560817,"6":0.025,"7":0.0222321032,"8":0.006615215,"9":0.0200222469,"10":0.0484739677,"11":0.0686695279,"12":0.0125628141,"13":0.0367346939,"14":0.0412698413,"15":0.0266222962,"16":0.0269133726,"17":0.0622009569,"18":0.0265957447,"19":0.0138142748,"20":0.0040705563,"21":0.0105112279,"22":0.011816839,"23":0.0038572806,"24":0.0215982721,"25":0.0717488789,"26":0.0620155039,"27":0.0584926884,"28":0.0050188206,"29":0.0198634389,"30":0.0091743119,"31":0.0037383178,"32":0.003164557,"33":0.0019047619,"34":0.0,"35":0.0,"36":0.02200489,"37":0.0206008584,"38":0.0395480226,"39":0.0221606648,"40":0.0167926113,"41":0.0,"42":0.0282392027,"43":0.0505144995,"44":0.025210084,"45":0.0383386581,"46":0.0,"47":0.0,"48":0.0069177556,"49":0.0153340635,"50":0.0,"51":0.0,"52":0.0,"53":0.0,"54":0.0,"55":0.0,"56":0.0,"57":0.001996008,"58":0.0253275109,"59":0.0546218487,"60":0.0307692308,"61":0.0567375887,"62":0.0224719101,"63":0.0110831234,"64":0.0},"Precision-20":{"1":0.05,"2":0.0,"3":0.05,"4":0.15,"5":0.1,"6":0.0,"7":0.0,"8":0.05,"9":0.1,"10":0.2,"11":0.15,"12":0.1,"13":0.2,"14":0.35,"15":0.05,"16":0.1,"17":0.15,"18":0.05,"19":0.0,"20":0.0,"21":0.0,"22":0.2,"23":0.0,"24":0.05,"25":0.55,"26":0.25,"27":0.3,"28":0.15,"29":0.35,"30":0.0,"31":0.1,"32":0.1,"33":0.0,"34":0.0,"35":0.0,"36":0.2,"37":0.2,"38":0.45,"39":0.25,"40":0.0,"41":0.0,"42":0.2,"43":0.0,"44":0.1,"45":0.1,"46":0.0,"47":0.0,"48":0.1,"49":0.0,"50":0.0,"51":0.0,"52":0.0,"53":0.0,"54":0.0,"55":0.0,"56":0.0,"57":0.05,"58":0.3,"59":0.3,"60":0.05,"61":0.35,"62":0.0,"63":0.05,"64":0.0}}