{"Precision":{"1":0.06,"2":0.0,"3":0.02,"4":0.08,"5":0.08,"6":0.06,"7":0.18,"8":0.04,"9":0.08,"10":0.34,"11":0.22,"12":0.06,"13":0.1,"14":0.42,"15":0.08,"16":0.08,"17":0.12,"18":0.08,"19":0.12,"20":0.04,"21":0.08,"22":0.14,"23":0.02,"24":0.06,"25":0.3,"26":0.24,"27":0.24,"28":0.08,"29":0.26,"30":0.06,"31":0.04,"32":0.06,"33":0.02,"34":0.0,"35":0.0,"36":0.14,"37":0.12,"38":0.22,"39":0.14,"40":0.06,"41":0.0,"42":0.1,"43":0.18,"44":0.04,"45":0.14,"46":0.0,"47":0.0,"48":0.08,"49":0.1,"50":0.0,"51":0.0,"52":0.0,"53":0.0,"54":0.0,"55":0.0,"56":0.0,"57":0.02,"58":0.24,"59":0.3,"60":0.08,"61":0.26,"62":0.04,"63":0.16,"64":0.0},"Recall":{"1":0.6,"2":0.0,"3":0.1666666667,"4":0.3333333333,"5":0.5,"6":1.0,"7":0.3214285714,"8":0.6666666667,"9":0.4444444444,"10":0.4857142857,"11":0.5789473684,"12":0.6,"13":0.4545454545,"14":0.4772727273,"15":0.4,"16":0.2352941176,"17":0.375,"18":0.3636363636,"19":0.5454545455,"20":0.6666666667,"21":0.3636363636,"22":0.4117647059,"23":0.25,"24":0.2307692308,"25":0.2941176471,"26":0.4,"27":0.4137931034,"28":0.8,"29":0.6842105263,"30":0.75,"31":1.0,"32":1.0,"33":1.0,"34":0.0,"35":0.0,"36":0.35,"37":0.5,"38":0.6875,"39":0.5833333333,"40":0.3,"41":0.0,"42":0.2380952381,"43":0.2195121951,"44":0.1176470588,"45":0.2692307692,"46":0.0,"47":0.0,"48":0.3333333333,"49":0.625,"50":0.0,"51":0.0,"52":0.0,"53":0.0,"54":0.0,"55":0.0,"56":0.0,"57":1.0,"58":0.4,"59":0.3488372093,"60":0.1481481481,"61":0.4193548387,"62":0.25,"63":0.6666666667,"64":0.0},"F-score":{"1":0.1090909091,"2":0.0,"3":0.0357142857,"4":0.1290322581,"5":0.1379310345,"6":0.1132075472,"7":0.2307692308,"8":0.0754716981,"9":0.1355932203,"10":0.4,"11":0.3188405797,"12":0.1090909091,"13":0.1639344262,"14":0.4468085106,"15":0.1333333333,"16":0.1194029851,"17":0.1818181818,"18":0.131147541,"19":0.1967213115,"20":0.0754716981,"21":0.131147541,"22":0.2089552239,"23":0.037037037,"24":0.0952380952,"25":0.297029703,"26":0.3,"27":0.3037974684,"28":0.1454545455,"29":0.3768115942,"30":0.1111111111,"31":0.0769230769,"32":0.1132075472,"33":0.0392156863,"34":0.0,"35":0.0,"36":0.2,"37":0.1935483871,"38":0.3333333333,"39":0.2258064516,"40":0.1,"41":0.0,"42":0.1408450704,"43":0.1978021978,"44":0.0597014925,"45":0.1842105263,"46":0.0,"47":0.0,"48":0.1290322581,"49":0.1724137931,"50":0.0,"51":0.0,"52":0.0,"53":0.0,"54":0.0,"55":0.0,"56":0.0,"57":0.0392156863,"58":0.3,"59":0.3225806452,"60":0.1038961039,"61":0.3209876543,"62":0.0689655172,"63":0.2580645161,"64":0.0},"Precision-R":{"1":0.0,"2":0.0,"3":0.0,"4":0.25,"5":0.0,"6":0.0,"7":0.5555555556,"8":0.0,"9":0.0,"10":0.5294117647,"11":0.3636363636,"12":0.3333333333,"13":0.6,"14":0.4761904762,"15":0.0,"16":0.25,"17":0.3333333333,"18":0.5,"19":0.5,"20":0.5,"21":0.0,"22":0.4285714286,"23":0.0,"24":0.6666666667,"25":0.6,"26":0.5,"27":0.5,"28":0.25,"29":0.6923076923,"30":0.0,"31":1.0,"32":0.3333333333,"33":0.0,"34":0.0,"35":0.0,"36":0.5714285714,"37":0.3333333333,"38":0.6363636364,"39":0.4285714286,"40":0.0,"41":0.0,"42":0.0,"43":0.2222222222,"44":1.0,"45":0.2857142857,"46":0.0,"47":0.0,"48":0.0,"49":0.0,"50":0.0,"51":0.0,"52":0.0,"53":0.0,"54":0.0,"55":0.0,"56":0.0,"57":1.0,"58":0.3333333333,"59":0.5333333333,"60":0.0,"61":0.3846153846,"62":0.0,"63":0.375,"64":0.0}}